remote_relative_path	repository_path	size_bytes	source_sha256
nav2_permanent_panel/Nav2PermanentPanel.js	integrations/omnifleet-t2/foxglove/nav2_permanent_panel/Nav2PermanentPanel.js	109614	012d4cdd53d855100c5c66d4e7f6382ce4872ab7ed6fd97ee68674efb8bc7079
nav2_permanent_panel/README.md	integrations/omnifleet-t2/foxglove/nav2_permanent_panel/README.md	5043	a541fbba0e834e391bb8ff5d412edffc257213c1ff3d2fab1ee88519fc659f62
nav2_permanent_panel/cdp.cjs	integrations/omnifleet-t2/foxglove/nav2_permanent_panel/cdp.cjs	933	4e504f9f96c1ff3f7ba36d69b820cce5d6f923dd09b472d1a443f7e35abed725
nav2_permanent_panel/deploy_panel.py	integrations/omnifleet-t2/foxglove/nav2_permanent_panel/deploy_panel.py	2511	6850dd276a8f53bfb688c530e1f40954b23f5b5a0411a95885e7cf7ba52aa6eb
nav2_permanent_panel/height_linkage.py	integrations/omnifleet-t2/foxglove/nav2_permanent_panel/height_linkage.py	5343	db65c4c2df52ac6cde78128e621264a318da2cc39becdf727c8c990c2fe7a91d
nav2_permanent_panel/inspect.js	integrations/omnifleet-t2/foxglove/nav2_permanent_panel/inspect.js	321	b277c9a92c6e9628595a3798e45486134ceb7c5c59a11a85ec9ee70fceb91785
nav2_permanent_panel/nav2_error_hints.mjs	integrations/omnifleet-t2/foxglove/nav2_permanent_panel/nav2_error_hints.mjs	4845	74a654cbc798dec45fa0f8466248ad158a6ff0a0d5ac2bf0791d2d1d6daf1593
nav2_permanent_panel/nav2_parameter_store.py	integrations/omnifleet-t2/foxglove/nav2_permanent_panel/nav2_parameter_store.py	60806	0ecb07f6f0dfdbe26c7deddfd016aa2b796d07675fc02d5241dd932dea106605
nav2_permanent_panel/navigation_restart.py	integrations/omnifleet-t2/foxglove/nav2_permanent_panel/navigation_restart.py	14698	4dcae122cdd62819cf30c0c595fabb156864fb1d0ad8391d0696d4f7dd48343b
nav2_permanent_panel/navigation_restart.sh	integrations/omnifleet-t2/foxglove/nav2_permanent_panel/navigation_restart.sh	180	7a235a79e2fd59155b30e184f2c8d2408923813f746364128433f4a82a18967b
nav2_permanent_panel/omnifleet-t2-nav2-parameters.service	integrations/omnifleet-t2/foxglove/nav2_permanent_panel/omnifleet-t2-nav2-parameters.service	705	0c1a902cfa7014b49089509d1810d9f6f115863297e30dc7929a7a617966bae0
nav2_permanent_panel/parameter_docs.json	integrations/omnifleet-t2/foxglove/nav2_permanent_panel/parameter_docs.json	33490	873846982fbdd56c9f48f82a91bfe8e82512b6508d208f9ff130d1b7aa6a5b44
nav2_permanent_panel/parameter_links.py	integrations/omnifleet-t2/foxglove/nav2_permanent_panel/parameter_links.py	3766	01f7aa200d370dc8c48f3db9e46c6ecbd02576d3d311bf950727763871924c7d
nav2_permanent_panel/test_dwb_minimums.py	integrations/omnifleet-t2/foxglove/nav2_permanent_panel/test_dwb_minimums.py	2254	aaf9fc31b1a1a1f36416d59cf0aa4519658f35a68a150328fc114dc5fceac188
nav2_permanent_panel/test_parameter_search.cjs	integrations/omnifleet-t2/foxglove/nav2_permanent_panel/test_parameter_search.cjs	2873	a24992fc01beb8ae9b61dc927f621fa380947d6474cd28e288a3474566e2921f
nav2_permanent_panel/test_parameter_store.py	integrations/omnifleet-t2/foxglove/nav2_permanent_panel/test_parameter_store.py	2750	49c7945fb6369c8bf6658391ce95b30cccbd5d51e059feccfa5e5765dead589d
nav2_permanent_panel/test_shared_padding.cjs	integrations/omnifleet-t2/foxglove/nav2_permanent_panel/test_shared_padding.cjs	691	003e42c5c5a565f5592d697c52d0334a27c99bbf35048c7394c27a77485c8943
nav2_permanent_panel/test_shared_padding_links.py	integrations/omnifleet-t2/foxglove/nav2_permanent_panel/test_shared_padding_links.py	597	4a2fe01aeda8e9bfe8dbe5ca0a28adde2b2e83de7a0b850c6aad9e30380dbaf0
nav2_permanent_panel/verify_inflation.js	integrations/omnifleet-t2/foxglove/nav2_permanent_panel/verify_inflation.js	512	7b0492bad71194a8bc93dfa32bb9be29cd76a4764c6e63e727fe2a4bb7fefcee
nav2_permanent_panel/verify_refresh.js	integrations/omnifleet-t2/foxglove/nav2_permanent_panel/verify_refresh.js	298	40068e2fd28f3fd2ee33940e3c189a755106e513defbeea2daffdf75c50c6e2a
nav2_permanent_panel/verify_restore.js	integrations/omnifleet-t2/foxglove/nav2_permanent_panel/verify_restore.js	557	b8d8186c8df1dd6afc7592dacc75ab0ad280e61668b139dd2b6f7e60fbc5f5f6
nav2_permanent_panel/verify_save.js	integrations/omnifleet-t2/foxglove/nav2_permanent_panel/verify_save.js	560	f99d8121deb856740778a1584b464dcd9105dbe5d454abea2e83be11ec0e1240
nav2_permanent_panel/verify_startup.py	integrations/omnifleet-t2/foxglove/nav2_permanent_panel/verify_startup.py	546	086d032162e46ae975fa3ea55661fdcc6f18b8e3429d3f2de70aceb17d607e77
dsh_diagnostic_panel/DshDiagnosticPanel.js	integrations/omnifleet-t2/foxglove/dsh_diagnostic_panel/DshDiagnosticPanel.js	16049	790de598137664d0ec95d1364f1c81ffd207dadc9b4066c1bae6db8127ecb729
dsh_diagnostic_panel/README.md	integrations/omnifleet-t2/foxglove/dsh_diagnostic_panel/README.md	3897	b085103e148e88a7790595238d8e6ce1412576b47e88e5a6e745b315b21a5cf7
dsh_diagnostic_panel/answer_safety.py	integrations/omnifleet-t2/foxglove/dsh_diagnostic_panel/answer_safety.py	749	400fd94607bff14a8119da875a117b3d4636c23f7a51b1450e8f790f5ab871cd
dsh_diagnostic_panel/causal_evidence.py	integrations/omnifleet-t2/foxglove/dsh_diagnostic_panel/causal_evidence.py	7024	0dbe3d40c63ed05aaf428aa39341a81bad1f34a55aedb2e3262bfaf98b5af309
dsh_diagnostic_panel/deploy_diagnostic_panel.py	integrations/omnifleet-t2/foxglove/dsh_diagnostic_panel/deploy_diagnostic_panel.py	1684	e6ac3b4a4e1b752f77dc2718b4ea192f75d64344d5bc145f2187bd6b68ae057c
dsh_diagnostic_panel/diagnostic_node.py	integrations/omnifleet-t2/foxglove/dsh_diagnostic_panel/diagnostic_node.py	27905	8f3ab280b9ca58f9d4d6d64e963ce4c19c754a1ae0d128dce45c29525e3f912a
dsh_diagnostic_panel/diagnostic_payload.py	integrations/omnifleet-t2/foxglove/dsh_diagnostic_panel/diagnostic_payload.py	2727	54c6a5f55a20cdedb70360966b1068fbdf15863ff3d9450a6e44045b01f37cb3
dsh_diagnostic_panel/diagnostic_policy.mjs	integrations/omnifleet-t2/foxglove/dsh_diagnostic_panel/diagnostic_policy.mjs	759	60c2175cd553508cd4a2aea3a16e48f8404a2fc43e27bc470da64ff549963bd6
dsh_diagnostic_panel/dsh-readonly.patch.yml	integrations/omnifleet-t2/foxglove/dsh_diagnostic_panel/dsh-readonly.patch.yml	8790	edbca43c3b37847dcd678de29984b1f37138a0f02e366ec54c32f55a89cd9f48
dsh_diagnostic_panel/dsh_runner.py	integrations/omnifleet-t2/foxglove/dsh_diagnostic_panel/dsh_runner.py	10686	f56f85f88538a6d9ee0802ad70e5ceae9d527bc13ca507ede8bc4968818fb5be
dsh_diagnostic_panel/make_dsh_overlay.py	integrations/omnifleet-t2/foxglove/dsh_diagnostic_panel/make_dsh_overlay.py	8105	36e2213de40ccbe936a05a3d9df78539471e12424f75914c0a926b41f6adb664
dsh_diagnostic_panel/model_catalog.py	integrations/omnifleet-t2/foxglove/dsh_diagnostic_panel/model_catalog.py	2751	c00a2485ddfc0b85797de711be45405cc071b8a3d70a8f47eaeb4aa3b77c6ced
dsh_diagnostic_panel/model_timing.mjs	integrations/omnifleet-t2/foxglove/dsh_diagnostic_panel/model_timing.mjs	1743	813bb69d427a9ee5513d326932f25f53d91fd11cd09c4bf7cbd035a172eb6c31
dsh_diagnostic_panel/model_timing_v2.mjs	integrations/omnifleet-t2/foxglove/dsh_diagnostic_panel/model_timing_v2.mjs	2929	4fbd7e5bc54836dbe952d6795f1ba9bdfa6da46390e59630158d972aa81105fc
dsh_diagnostic_panel/omnifleet-t2-dsh-diagnostics.service	integrations/omnifleet-t2/foxglove/dsh_diagnostic_panel/omnifleet-t2-dsh-diagnostics.service	738	6bf3f018f20871e83aa83e1f4c7135735bca5f344653b2452e18e5c0f32fe8d9
dsh_diagnostic_panel/panel-guidance-test.mjs	integrations/omnifleet-t2/foxglove/dsh_diagnostic_panel/panel-guidance-test.mjs	9063	678743fe62607156be53688acc760b407842a4bbe1fe1d9f9d97685e8ef2fde1
dsh_diagnostic_panel/panel-test.mjs	integrations/omnifleet-t2/foxglove/dsh_diagnostic_panel/panel-test.mjs	5125	bc490860faaa6403ce676e9c2d7bfd43fb9ea30bc2188edde295dc4c5b0ca9b3
dsh_diagnostic_panel/paos_diagnostic_worker.py	integrations/omnifleet-t2/foxglove/dsh_diagnostic_panel/paos_diagnostic_worker.py	4988	ac698968fd584523f1738cc010ec0008d529014b68acfd45725bdd02be3aba25
dsh_diagnostic_panel/parameter_guidance.py	integrations/omnifleet-t2/foxglove/dsh_diagnostic_panel/parameter_guidance.py	3997	660857b483e2cff6715218f41c02235dc7678115cbdb4c0f595b23abea4bb0d7
dsh_diagnostic_panel/qwen-policy.json	integrations/omnifleet-t2/foxglove/dsh_diagnostic_panel/qwen-policy.json	105	10b0bdbc0263e236802872f1eee513a10e39cc3841259cb3a642ebabc00ec442
dsh_diagnostic_panel/replay_speed_link_case.py	integrations/omnifleet-t2/foxglove/dsh_diagnostic_panel/replay_speed_link_case.py	730	2119544dc9a010fba769566dee9d86e17983fac421a2d5376da6dacae617b40d
dsh_diagnostic_panel/require_evidenced_links.py	integrations/omnifleet-t2/foxglove/dsh_diagnostic_panel/require_evidenced_links.py	930	b4b1ac12569acdd2d29819d904f6e8d14d763f12bf9671e41a2b14da93bde3d9
dsh_diagnostic_panel/skill_context.py	integrations/omnifleet-t2/foxglove/dsh_diagnostic_panel/skill_context.py	2715	e75aa8721e75815368097b3803dd295cfb54382322c0e7d37ae623da0c76a6ca
dsh_diagnostic_panel/smoke_dsh.py	integrations/omnifleet-t2/foxglove/dsh_diagnostic_panel/smoke_dsh.py	157	a33fdc374ec2e269c7341636b2b78f812010664a557bf178b841dec33fa7d4ac
dsh_diagnostic_panel/snapshot_fallback.py	integrations/omnifleet-t2/foxglove/dsh_diagnostic_panel/snapshot_fallback.py	3919	357d8279e3b2e1dab71f68ebcff47fb6bc2a3711f0d4503be5338c1289015487
dsh_diagnostic_panel/test_answer_validation.py	integrations/omnifleet-t2/foxglove/dsh_diagnostic_panel/test_answer_validation.py	977	58dd2121de0fa9e744f9f5a12bd27e0add1d7afc250a2c658adfb463d2a6acba
dsh_diagnostic_panel/test_causal_chain_optional.py	integrations/omnifleet-t2/foxglove/dsh_diagnostic_panel/test_causal_chain_optional.py	1646	78522fe04f5cf9fae2b4b83c00228a3fafcd476f2bc3f2abb4afe7a92e4be81e
dsh_diagnostic_panel/test_diagnostic_request.py	integrations/omnifleet-t2/foxglove/dsh_diagnostic_panel/test_diagnostic_request.py	1328	c54c5fe3e9b6aa8716d92b142f250126ffac29a688877f6bb97c5e4cb39e8a51
dsh_diagnostic_panel/test_error_log_retention.py	integrations/omnifleet-t2/foxglove/dsh_diagnostic_panel/test_error_log_retention.py	611	66ffb3da86b0691629a018f25306aa12eb96a721fa3926e15880899da163a0bb
dsh_diagnostic_panel/test_general_guidance.py	integrations/omnifleet-t2/foxglove/dsh_diagnostic_panel/test_general_guidance.py	3291	9a13d425de53cd3daaaccab08d1e6c99799405b6a78f559e7e71c9749a660f34
dsh_diagnostic_panel/test_guidance_ui.cjs	integrations/omnifleet-t2/foxglove/dsh_diagnostic_panel/test_guidance_ui.cjs	4063	7f374ee431a17ce9f72e28705ebe4216e7130c46eec2fa9afcbe081f590c752e
dsh_diagnostic_panel/test_panel.cjs	integrations/omnifleet-t2/foxglove/dsh_diagnostic_panel/test_panel.cjs	2498	80b77c1c7ab050e4a1e0ef8a4c355ea72ab973dbb8a88af8a130281c49a75ff6
dsh_diagnostic_panel/test_policy.mjs	integrations/omnifleet-t2/foxglove/dsh_diagnostic_panel/test_policy.mjs	822	37ff29fb1cee17339b6a0b819476c1a1969d77e7e117be9575f65401b4933bd7
dsh_diagnostic_panel/test_skill_context.py	integrations/omnifleet-t2/foxglove/dsh_diagnostic_panel/test_skill_context.py	1755	86088e36a7806340c945a30b211b73f19a3e408d091e041a54121f3b8bd6b725
dsh_diagnostic_panel/test_snapshot.py	integrations/omnifleet-t2/foxglove/dsh_diagnostic_panel/test_snapshot.py	442	967b747b9eca9790af5b026b957f83a53c1788d62e32f6f0057ecdb8d0333c7b
dsh_diagnostic_panel/test_snapshot_fallback.py	integrations/omnifleet-t2/foxglove/dsh_diagnostic_panel/test_snapshot_fallback.py	1386	bd09d750ce49c1af3fd3844612f0de03bd29e112906184d04f8c8c4e2152d51e
dsh_diagnostic_panel/test_timeout_fallback.py	integrations/omnifleet-t2/foxglove/dsh_diagnostic_panel/test_timeout_fallback.py	1044	9a2e9c0645d8efde09b07f286643dc111c7dc08bf0dee7b143047c9fad7117b7
dsh_diagnostic_panel/test_timeout_ui.cjs	integrations/omnifleet-t2/foxglove/dsh_diagnostic_panel/test_timeout_ui.cjs	1994	6da059c371476f4fbac1716b35785a01b05f2603885fb4fa5d05c497308ef0f7
dsh_diagnostic_panel/test_timing.py	integrations/omnifleet-t2/foxglove/dsh_diagnostic_panel/test_timing.py	2311	ca5bcbf0c33691a70d507f7e53eba0001fb7c65a3b793f4d2f66b7701da7682e
dsh_diagnostic_panel/test_transport.mjs	integrations/omnifleet-t2/foxglove/dsh_diagnostic_panel/test_transport.mjs	1190	4d1a3c792d0777905b5493a2e0c1c5046492dd4cdbc30b83056210bd762c64da
dsh_diagnostic_panel/verify_dsh_profile.py	integrations/omnifleet-t2/foxglove/dsh_diagnostic_panel/verify_dsh_profile.py	1253	b97b54e0c85efe26f908c78dd8c91b425de9574a44bcfe292a27f519c477b012
foxglove_extension/omnifleet-t2-semantic-waypoints/CHANGELOG.md	integrations/omnifleet-t2/foxglove/foxglove_extension/omnifleet-t2-semantic-waypoints/CHANGELOG.md	674	a7c6a077b86474d791253224cde934d5ceeedefceb87486b4566ca4de2fc2992
foxglove_extension/omnifleet-t2-semantic-waypoints/LICENSE	integrations/omnifleet-t2/foxglove/foxglove_extension/omnifleet-t2-semantic-waypoints/LICENSE	1066	893df8298971489a25edb2b9bd10b16c4512d4ce2c3516fb0b240b5513967cfa
foxglove_extension/omnifleet-t2-semantic-waypoints/README.md	integrations/omnifleet-t2/foxglove/foxglove_extension/omnifleet-t2-semantic-waypoints/README.md	773	69cf4efaa7b83a3da35286c9c3a1a8c86be159ffa9bd7bffa5237bdb4ef842c2
foxglove_extension/omnifleet-t2-semantic-waypoints/package-lock.json	integrations/omnifleet-t2/foxglove/foxglove_extension/omnifleet-t2-semantic-waypoints/package-lock.json	62336	45575b5a101b8afe7dca1f3e7ff06694848aa6d3f8ff02039d0c17c556873a78
foxglove_extension/omnifleet-t2-semantic-waypoints/package.json	integrations/omnifleet-t2/foxglove/foxglove_extension/omnifleet-t2-semantic-waypoints/package.json	667	04e5de63c062bb34c94b2152980a3616d6b2f602e2f0b7ae8ba69d7acfd311f5
foxglove_extension/omnifleet-t2-semantic-waypoints/tsconfig.json	integrations/omnifleet-t2/foxglove/foxglove_extension/omnifleet-t2-semantic-waypoints/tsconfig.json	484	03fe749efa033cc2e51af24eb08511dcf5cde860c4f1b3ce25f4882b3835b6d2
foxglove_extension/omnifleet-t2-semantic-waypoints/src/ContinuousRouteNative.js	integrations/omnifleet-t2/foxglove/foxglove_extension/omnifleet-t2-semantic-waypoints/src/ContinuousRouteNative.js	4191	541303424bf2f4c486b8cad450fea7c22ae8e3af93fe15acb5a2cd267bced263
foxglove_extension/omnifleet-t2-semantic-waypoints/src/FleetPanel.d.ts	integrations/omnifleet-t2/foxglove/foxglove_extension/omnifleet-t2-semantic-waypoints/src/FleetPanel.d.ts	142	ae7ffce3f163372d1ac3522497b0c9b9630913a80c30158888ccf1bb026a80d6
foxglove_extension/omnifleet-t2-semantic-waypoints/src/FleetPanel.js	integrations/omnifleet-t2/foxglove/foxglove_extension/omnifleet-t2-semantic-waypoints/src/FleetPanel.js	13003	0bcbf849bd8386224c1431a1f2b1b810b3b4129033979505e33b9f1004df9802
foxglove_extension/omnifleet-t2-semantic-waypoints/src/Nav2HotParamsPanel.ts	integrations/omnifleet-t2/foxglove/foxglove_extension/omnifleet-t2-semantic-waypoints/src/Nav2HotParamsPanel.ts	66	bdc6b9016e06a9b7335bc90990b5c30691d21098e8795c465cea764e41a1114c
foxglove_extension/omnifleet-t2-semantic-waypoints/src/Nav2PermanentPanel.d.ts	integrations/omnifleet-t2/foxglove/foxglove_extension/omnifleet-t2-semantic-waypoints/src/Nav2PermanentPanel.d.ts	150	234e045c147b462d25d578e8d322b7d5b0f92de55844e561c390c4078e9de175
foxglove_extension/omnifleet-t2-semantic-waypoints/src/Nav2PermanentPanel.js	integrations/omnifleet-t2/foxglove/foxglove_extension/omnifleet-t2-semantic-waypoints/src/Nav2PermanentPanel.js	112082	cd32b56e0bab6f27452949c6cc7f3b239c60254a4959ff8227a43fc898da2949
foxglove_extension/omnifleet-t2-semantic-waypoints/src/SemanticWaypointPanel.ts	integrations/omnifleet-t2/foxglove/foxglove_extension/omnifleet-t2-semantic-waypoints/src/SemanticWaypointPanel.ts	17086	0cec02457aba33ed3d8799bf7078426a084e8af56ad9f4d5ad5fd941f418fe6e
foxglove_extension/omnifleet-t2-semantic-waypoints/src/index.ts	integrations/omnifleet-t2/foxglove/foxglove_extension/omnifleet-t2-semantic-waypoints/src/index.ts	632	c87bc6faaec0cc2ab39a464bacd56cd20a319779c30b82d9589e9791c86482d1
app_patch/README.md	integrations/omnifleet-t2/foxglove/app_patch/README.md	1157	735a5a353ef2aa12c982a29baaef5e5bd777e610e6d69a0d2f53dddb164a781f
app_patch/embed_semantic_panel.cjs	integrations/omnifleet-t2/foxglove/app_patch/embed_semantic_panel.cjs	3445	20c32e073841fc2f4a76a8c12f8638135d1afc376365b9e79b2849986f4e5e96
app_patch/fix_fleet_native_registration.cjs	integrations/omnifleet-t2/foxglove/app_patch/fix_fleet_native_registration.cjs	1333	3c3fce181c09dfe272daff7e93c1cc94091137bbc3c821de4533435872a9ec7a
app_patch/fix_reset_dialog_focus.py	integrations/omnifleet-t2/foxglove/app_patch/fix_reset_dialog_focus.py	748	6c55df5853b53ce62eb5b5343efc2e1737149e9703485afc3b0eb9d82213d73f
app_patch/fix_semantic_panel_registration.cjs	integrations/omnifleet-t2/foxglove/app_patch/fix_semantic_panel_registration.cjs	1016	33c824aac4cc0c32ae1fa9abf1c59ecb4b0065bf8b345e51900d4f3b6de2fd2c
app_patch/patch_map_reset_toolbar.py	integrations/omnifleet-t2/foxglove/app_patch/patch_map_reset_toolbar.py	1086	9dccf78ea92f7dfa90eae1f9c9c70c8d0aa339170a1c78cda9ebb9589ab01093
app_patch/patch_map_service_namespace.py	integrations/omnifleet-t2/foxglove/app_patch/patch_map_service_namespace.py	1170	cc353b36488c0058dc20d612b5ea59fe103877c8393054b119ed955b7e85d6b4
app_patch/remove_semantic_floating.cjs	integrations/omnifleet-t2/foxglove/app_patch/remove_semantic_floating.cjs	1816	c7538a60250ff247e902aea92cb4445f9cf5e8a511c3a206d3c23c9cb4b063fa
app_patch/reset_map_inline_confirmation.js	integrations/omnifleet-t2/foxglove/app_patch/reset_map_inline_confirmation.js	2006	d98fb8e7f33fef1e34b63c7606f546c2bd6697315fc985de52593602fa6de9f3
app_patch/update_semantic_card_text.cjs	integrations/omnifleet-t2/foxglove/app_patch/update_semantic_card_text.cjs	1501	69dacb7fcabab5780142a164e86d7781addf7ceb752251e3fac1b0f1a8e7bfa9
app_patch/fleet_semantic/FleetSemanticNative.js	integrations/omnifleet-t2/foxglove/app_patch/fleet_semantic/FleetSemanticNative.js	2730	0121e49f6c6991cbd1587189fa75bbd70e7713f9763a0ff625220b85cfa2f22e
app_patch/fleet_semantic/remove_naming_instructions.cjs	integrations/omnifleet-t2/foxglove/app_patch/fleet_semantic/remove_naming_instructions.cjs	2123	57d9f28be225aa645685dec33434057bed3fe0d018d8e0db7b6ed35768e406dc
app_patch/fleet_semantic/交付说明.md	integrations/omnifleet-t2/foxglove/app_patch/fleet_semantic/交付说明.md	2839	e8bb8d7f75b6208a67cb1afaf57ba8a51715a5d37367f22ef92a3a965f88b7ee
fleet_panel/FleetPanel.js	integrations/omnifleet-t2/foxglove/fleet_panel/FleetPanel.js	12695	ef7f6db7f301e8e701ea17e0cbe9b03d090dc5783c0d98237b810a65554695bb
fleet_panel/deploy_ui.cjs	integrations/omnifleet-t2/foxglove/fleet_panel/deploy_ui.cjs	2749	c797359cf36713f825a24f85e12e773f2bd6ed34b0903d09681ccb59c4824a9f
fleet_panel/layout-updated.json	integrations/omnifleet-t2/foxglove/fleet_panel/layout-updated.json	15424	cdab6e313c8d1b89bdec39e92727ebec14b3d89fe528a68645e28cc34f27d34b
fleet_panel/使用与验收.md	integrations/omnifleet-t2/foxglove/fleet_panel/使用与验收.md	7007	9379892bcd4b31ad71b81bcd26bdc35f2363469e694880a7d50ddcd686f92ec1
